{
  "Coefficients": [
    -0.508914013120813,
    1.9049645941707867,
    0.054683613493023316,
    -0.12635345042508611,
    -1.9981071122583334,
    2.1878413106226868,
    -3.1717833016984898,
    0.74050260504275389,
    0.0017424377547868685,
    -0.012794537952922968,
    1.4214386228043323,
    -3.2325864269099323,
    0.025584381841511562,
    -0.32531864706515173,
    0.44984896785683481,
    -1.1725431551237664,
    -0.32844646531253546,
    5.6566191138195618,
    -9.9999999999653184,
    -0.93775887751656539,
    -9.9999999999766285
  ],
  "Intercept": 109.21709828774006,
  "VariableNames": [
    "age",
    "gender",
    "Durationofdiabetes",
    "BMI",
    "Hypertension",
    "OHA",
    "INSULIN",
    "HBA",
    "CHO",
    "TRI",
    "HB",
    "DR_OD",
    "DR_SEVERITY_OD",
    "DME_OD",
    "DR_OS",
    "DR_SEVERITY_OS",
    "DME_OS",
    "DR_OD_DR_OS",
    "CKD_Stage",
    "DR_Stage",
    "CKD_Label"
  ]
}