{
  "Model": "Linear Regression (fitlm)",
  "Intercept": 126.56763153244287,
  "Coefficients": {
    "age": -0.40432991588524475,
    "gender": 1.0306094634378626,
    "Durationofdiabetes": 0.034078512036146286,
    "BMI": -0.13365368816391,
    "Hypertension": -0.95776982078631345,
    "OHA": -1.2522263136675635,
    "INSULIN": -0.47315409133526831,
    "HBA": 0.090815845902480569,
    "CHO": 0.0061249078595242432,
    "TRI": -0.006061034750818547,
    "HB": 0.1762035937510128,
    "DR_OD": -3.3106281838908838,
    "DR_SEVERITY_OD": 0.91066524745204547,
    "DME_OD": -0.1496220282435563,
    "DR_OS": 0.056205435404300751,
    "DR_SEVERITY_OS": -0.089956465041788933,
    "DME_OS": -0.057362410736669471,
    "DR_OD_DR_OS": 3.4995750088570392,
    "CKD_Stage": -17.84666731702503,
    "DR_Stage": -1.1484164491982198,
    "CKD_Label": -3.4226982559674384
  },
  "Performance": {
    "MSE": 49.180418851632787,
    "RMSE": 7.0128752200244362,
    "MAE": 5.5205152208019515,
    "MAPE": 9.28942431653938,
    "R2": 0.93437470943756884
  }
}