{
  "sigma_cont": [
    10.339651972127655,
    8.1185453753189414,
    4.1588347068601266,
    1.8409232188282798,
    45.903766001519557,
    112.25505423421122,
    2.172678096006011
  ],
  "mu_cont": [
    60.443755535872455,
    15.201062887511071,
    26.777440212577503,
    8.5553587245349867,
    166.10451727192205,
    158.33215234720993,
    12.815234720992024
  ],
  "betaenet": [
    -3.9951826942728155,
    0.080467165858990608,
    -0.6895049010626868,
    0.11575969751437559,
    0.25043041124802118,
    -0.59159184331928338,
    0.55000856991945479,
    1.0037365770128071,
    -0.804947631614787,
    -0.73303238714245544,
    -0.655637436013524,
    -0.88696443488754717,
    0.56548488763992033,
    0.585494040686436,
    -3.4134845392962783,
    0,
    -0.061392485376412183,
    -0.49552898482697566,
    -0.070657840038232611,
    -17.530407158082053,
    -0.0663276248022432
  ],
  "Interceptlasso": 101.60427033051855,
  "continuousVars": [
    "age",
    "Durationofdiabetes",
    "BMI",
    "HBA",
    "CHO",
    "TRI",
    "HB"
  ],
  "binaryVars": [
    "gender",
    "Hypertension",
    "OHA",
    "INSULIN",
    "DR_OD",
    "DR_OS",
    "DR_OD_DR_OS",
    "CKD_Label"
  ],
  "ordinalVars": [
    "DR_SEVERITY_OD",
    "DME_OD",
    "DR_SEVERITY_OS",
    "DME_OS",
    "CKD_Stage",
    "DR_Stage"
  ],
  "RMSElasso": 7.0584026886048816,
  "R2lasso": 0.93740114797331864
}