{
  "betalasso": [
    -3.8720227631036055,
    0,
    -0.39306756443566387,
    0,
    0,
    -0.47068563477199932,
    0.26689344890558442,
    0.49499286822567895,
    -0.67484198438913445,
    -1.2585631543023699,
    -0.22406675462339726,
    0,
    0,
    0,
    -3.534946045079812,
    0,
    -0.0901160440278338,
    -0.3400125501979811,
    -0.031556984431330121,
    -17.821119805481526,
    0
  ],
  "intercept": 101.89193025306467,
  "mu_cont": [
    60.443755535872455,
    15.201062887511071,
    26.777440212577503,
    8.5553587245349867,
    166.10451727192205,
    158.33215234720993,
    12.815234720992024
  ],
  "sigma_cont": [
    10.339651972127655,
    8.1185453753189414,
    4.1588347068601266,
    1.8409232188282798,
    45.903766001519557,
    112.25505423421122,
    2.172678096006011
  ],
  "continuousVars": [
    "age",
    "Durationofdiabetes",
    "BMI",
    "HBA",
    "CHO",
    "TRI",
    "HB"
  ],
  "binaryVars": [
    "gender",
    "Hypertension",
    "OHA",
    "INSULIN",
    "DR_OD",
    "DR_OS",
    "DR_OD_DR_OS",
    "CKD_Label"
  ],
  "ordinalVars": [
    "DR_SEVERITY_OD",
    "DME_OD",
    "DR_SEVERITY_OS",
    "DME_OS",
    "CKD_Stage",
    "DR_Stage"
  ],
  "RMSElasso": 7.4785467376389327,
  "R2lasso": 0.92542390284376119
}