{
  "betalasso": [
    -4.1522722473548983,
    0.22006888755854728,
    -0.71694279710462339,
    0.15586127795952545,
    0.15429616738854462,
    -0.68540773903770846,
    0.46408118989238195,
    0.909374915761708,
    -0.718405115781411,
    -1.617044011450042,
    -0.37758033111312772,
    -3.7106552880586219,
    0.33146405267892637,
    3.5686835424093681,
    -3.1023640369457235,
    0.83470948353899821,
    -0.0552565897126681,
    -0.25251512351872613,
    -0.01387644660243832,
    -17.848155408071339,
    -1.1574115557887277
  ],
  "Interceptlasso": 102.27392445395499,
  "lambda": 0.0001,
  "mu_cont": [
    60.443755535872455,
    15.201062887511071,
    26.777440212577503,
    8.5553587245349867,
    166.10451727192205,
    158.33215234720993,
    12.815234720992024
  ],
  "sigma_cont": [
    10.339651972127655,
    8.1185453753189414,
    4.1588347068601266,
    1.8409232188282798,
    45.903766001519557,
    112.25505423421122,
    2.172678096006011
  ],
  "continuousvars": [
    "age",
    "Durationofdiabetes",
    "BMI",
    "HBA",
    "CHO",
    "TRI",
    "HB"
  ],
  "binaryvars": [
    "gender",
    "Hypertension",
    "OHA",
    "INSULIN",
    "DR_OD",
    "DR_OS",
    "DR_OD_DR_OS",
    "CKD_Label"
  ],
  "ordinalvars": [
    "DR_SEVERITY_OD",
    "DME_OD",
    "DR_SEVERITY_OS",
    "DME_OS",
    "CKD_Stage",
    "DR_Stage"
  ],
  "RMSElasso": 7.6715536899500192,
  "R2lasso": 0.92223124593812944
}